{"accuracy": [0.6465609073638916, 0.8745287656784058, 0.9226830005645752, 0.9431822896003723, 0.9584038853645325, 0.9674087762832642, 0.9730706214904785, 0.9784337282180786, 0.979898989200592, 0.982801079750061], "loss": [1.1900618076324463, 0.38702720403671265, 0.23466062545776367, 0.16979055106639862, 0.12235942482948303, 0.09785636514425278, 0.08299735188484192, 0.06563925743103027, 0.060275398194789886, 0.05320242419838905], "val_accuracy": [0.821420431137085, 0.9075233340263367, 0.9201570749282837, 0.9414978623390198, 0.8919872641563416, 0.9368312954902649, 0.957773745059967, 0.9523674249649048, 0.9620987772941589, 0.9458228945732117], "val_loss": [0.5645870566368103, 0.285808265209198, 0.2464223951101303, 0.18775929510593414, 0.36902493238449097, 0.20308922231197357, 0.1403627246618271, 0.17017370462417603, 0.12887531518936157, 0.1804305464029312]}